<?xml version="1.0" encoding="UTF-8"?>
<project-private xmlns="http://www.netbeans.org/ns/project-private/1">
    <editor-bookmarks xmlns="http://www.netbeans.org/ns/editor-bookmarks/2" lastBookmarkId="0"/>
    <open-files xmlns="http://www.netbeans.org/ns/projectui-open-files/2">
        <group>
            <file>file:/C:/Users/Rosario/Desktop/Programación%20Java/POO/Carlos%20Ríos/Códigos%20de%20clases/ProyectoCafeteria/src/ar/org/centro8/curso/java/enums/TipoProducto.java</file>
            <file>file:/C:/Users/Rosario/Desktop/Programación%20Java/POO/Carlos%20Ríos/Códigos%20de%20clases/ProyectoCafeteria/src/ar/org/centro8/curso/java/test/TestRepositories.java</file>
            <file>file:/C:/Users/Rosario/Desktop/Programación%20Java/POO/Carlos%20Ríos/Códigos%20de%20clases/ProyectoCafeteria/src/ar/org/centro8/curso/java/repositories/interfaces/I_ProductoRepository.java</file>
            <file>file:/C:/Users/Rosario/Desktop/Programación%20Java/POO/Carlos%20Ríos/Códigos%20de%20clases/ProyectoCafeteria/src/ar/org/centro8/curso/java/repositories/jdbc/ProductoRepository.java</file>
        </group>
    </open-files>
</project-private>
